eid,fname,lname,start_date
1,Rowney,Kineton,2/13/2025
2,Ben,Dover,2/22/2025
3,Celestine,Guiness,2/15/2025
4,Wayne,Kerr,1/21/2025
5,Moe,Lester,1/4/2025
6,Mike,Oxlong,4/11/2025
7,Hugh,Jass,12/4/2024
8,Merrilee,Loverock,4/8/2025
9,Madaf,Aker,12/24/2024
10,Seamus,Truluck,1/11/2025
11,Electra,Krale,4/2/2025
12,Florry,Mabbutt,4/8/2025
13,Burnaby,Selwyne,3/4/2025
14,Dulcea,Lundbeck,3/20/2025
15,Marv,Belfelt,2/15/2025
16,Cyndie,Tansey,3/30/2025
17,Kimball,Haversham,12/19/2024
18,Elana,Yabsley,3/25/2025
19,Xylia,Concannon,12/15/2024
20,Aubry,Herculeson,2/9/2025
21,Simon,Holehouse,4/8/2025
22,Edmon,Carlow,3/12/2025
23,Roderigo,Cardoe,2/28/2025
24,Hillard,Lemasney,3/11/2025
25,Brooks,Melson,1/16/2025
26,Crysta,Hardwick,1/7/2025
27,Ferdy,Durning,12/6/2024
28,Addie,Roller,1/8/2025
29,Siward,Ivers,1/25/2025
30,Joe,Knightsbridge,12/28/2024
31,Franky,Mushrow,11/27/2024
32,Ethelred,Mantram,3/31/2025
33,Marion,Andrieux,2/11/2025
34,Zena,Ionn,12/1/2024
35,Ardeen,Grigori,4/19/2025
36,Carmine,Bosence,12/24/2024
37,Buckie,Gockelen,3/30/2025
38,Albertine,Mann,3/3/2025
39,Filip,Bedson,3/18/2025
40,Tucky,Dake,2/27/2025
41,Redd,Whitton,4/19/2025
42,Monty,Charters,12/26/2024
43,Hammad,Jesper,2/11/2025
44,Lissy,Garmanson,12/15/2024
45,Yorgos,Skellern,1/30/2025
46,Mendy,Yoell,4/19/2025
47,Rollo,Brudenell,12/29/2024
48,Mead,Yurasov,3/22/2025
49,Libbi,Bream,4/17/2025
50,Nicolas,Vallentine,3/2/2025
51,Giulio,Handley,2/28/2025
52,Adela,Blazdell,4/13/2025
53,Haleigh,Lanham,4/16/2025
54,Matilda,Melladew,1/19/2025
55,Scotty,McKague,3/9/2025
56,Cora,Wardingly,3/25/2025
57,Jobye,Zealey,3/21/2025
58,Myer,Millimoe,2/14/2025
59,Lancelot,Wilkins,1/23/2025
60,Enrika,Garrison,12/6/2024
61,Gustave,Povall,2/14/2025
62,Othilia,Vaz,12/29/2024
63,Taddeo,Hehnke,12/9/2024
64,Willie,Thorne,12/11/2024
65,Lisbeth,Giraudou,4/18/2025
66,Panchito,Segot,1/2/2025
67,Rhett,Gavin,4/12/2025
68,Sammy,Caldicott,2/4/2025
69,Rabi,Milbank,4/14/2025
70,Karrah,Innett,2/7/2025
71,Carie,Chatenet,3/26/2025
72,Benny,Leadston,4/5/2025
73,Thebault,Fortune,2/3/2025
74,Frazer,Howes,1/5/2025
75,Bobbe,Gong,12/28/2024
76,Filmer,Priden,12/11/2024
77,Giselbert,Chadbourne,11/29/2024
78,Dirk,Prator,12/8/2024
79,Morgana,Patridge,3/25/2025
80,Wynn,Lindell,2/10/2025
81,Arturo,Speeks,2/7/2025
82,Chelsae,Field,12/18/2024
83,Northrup,Burkinshaw,1/15/2025
84,Pearl,Jaskiewicz,1/23/2025
85,Krisha,Doorbar,1/7/2025
86,Ingaberg,Sharrard,1/9/2025
87,Cecile,Guise,12/27/2024
88,Rowena,Benardet,12/6/2024
89,Sibelle,Keaves,1/6/2025
90,Elfrida,Shetliff,2/9/2025
91,Paolo,Varcoe,12/9/2024
92,Linoel,Punyer,4/20/2025
93,Ingrim,Guyton,12/29/2024
94,Natalie,Barneveld,1/6/2025
95,Andria,Belle,12/15/2024
96,Elnar,Nizet,1/26/2025
97,Clifford,Larmor,1/13/2025
98,Margarette,Mathely,3/25/2025
99,Anderson,Pudan,3/27/2025
100,Rad,Hughs,12/17/2024
101,Donalt,Rozalski,4/4/2025
102,Daven,Boichat,3/21/2025
103,Amby,Gleader,2/23/2025
104,Eberhard,Freed,3/10/2025
105,Joyce,Nuzzetti,12/18/2024
106,Brittaney,Lalor,3/1/2025
107,Fabien,Lukash,4/12/2025
108,Frayda,Osgar,2/24/2025
109,Orsola,McCrisken,12/30/2024
110,Alleen,Hassett,12/30/2024
111,Byran,Withur,12/4/2024
112,Waylon,Fishbie,1/27/2025
113,Pedro,Yurenin,3/1/2025
114,Celesta,Hayworth,2/28/2025
115,Clerc,Faithorn,12/28/2024
116,Linell,Points,3/15/2025
117,Hanna,Tubble,4/10/2025
118,Jermayne,Darridon,2/10/2025
119,Imelda,Reeves,1/9/2025
120,Tobye,Dodd,2/19/2025
121,Vi,Dyneley,12/28/2024
122,Peria,Saward,1/20/2025
123,Hebert,Callender,3/20/2025
124,Kiley,MacCroary,4/1/2025
125,Fannie,Boulding,4/8/2025
126,Minny,Elflain,4/18/2025
127,Conny,Gluyus,4/1/2025
128,Colet,Golden,1/19/2025
129,Frasquito,Powney,12/4/2024
130,Marc,Piperley,1/20/2025
131,Alanson,Abrehart,11/26/2024
132,Gerrilee,Pashe,4/11/2025
133,Barnebas,De Rye Barrett,4/18/2025
134,Kareem,Gasson,4/3/2025
135,Guillema,Cody,11/28/2024
136,Wolf,Bartoleyn,12/3/2024
137,Ursa,Bentick,1/6/2025
138,Annecorinne,Garrick,3/1/2025
139,Sileas,Tiffney,3/1/2025
140,Willabella,Whissell,2/11/2025
141,Christie,Ashall,11/27/2024
142,Brandtr,Seaborn,12/13/2024
143,Jacintha,Duce,4/7/2025
144,Ingram,Ambrogetti,1/1/2025
145,Jasmina,Lammas,1/28/2025
146,Lesly,Pinare,1/12/2025
147,Bamby,Dummett,2/23/2025
148,Amandy,McClymont,2/15/2025
149,Livvyy,Grumley,3/18/2025
150,Sheryl,Issard,3/7/2025
151,Olive,Domingues,12/7/2024
152,Lark,Murra,1/8/2025
153,Lissy,Ronan,1/8/2025
154,Sauncho,Clowney,12/19/2024
155,Irena,Abbess,1/8/2025
156,Cyrillus,Bladen,4/2/2025
157,Silva,Villaret,2/16/2025
158,Christye,Valett,2/22/2025
159,Irvine,Ditchburn,3/18/2025
160,Terrill,Maykin,3/26/2025
161,Marshal,Bulger,4/19/2025
162,Orson,Tym,1/10/2025
163,Cassandre,Jemison,2/18/2025
164,Mariya,Whitehurst,2/9/2025
165,Bogart,Mahomet,3/2/2025
166,Orlando,Bolitho,11/27/2024
167,Sari,Comolli,2/28/2025
168,Rafaello,Petrenko,2/10/2025
169,Larisa,Solomonides,12/21/2024
170,Darryl,Jirousek,1/21/2025
171,Erv,Parsisson,3/2/2025
172,Gray,Livick,12/29/2024
173,Cassi,Duckering,3/27/2025
174,Maryjane,Vickors,3/24/2025
175,Danella,Snazle,3/14/2025
176,Kellsie,Hodgon,2/19/2025
177,Archibald,Poundford,12/8/2024
178,Elfrida,Lickorish,11/27/2024
179,Aluino,Bolliver,4/11/2025
180,Bran,Pentony,3/22/2025
181,Nataline,Labrom,2/16/2025
182,Salli,Disney,11/27/2024
183,Amalia,Boddy,1/25/2025
184,Arleyne,Fantham,3/22/2025
185,Chlo,Troth,3/27/2025
186,Elke,Pessolt,2/25/2025
187,Daron,Diplock,3/14/2025
188,Marlee,Bushill,4/2/2025
189,Barbee,Gibby,4/5/2025
190,Glennis,Petz,3/4/2025
191,Brinna,Wolledge,3/8/2025
192,Marianna,Chisholm,1/31/2025
193,Friederike,Bestwall,12/6/2024
194,Nestor,Skeath,12/31/2024
195,Helene,Dami,1/31/2025
196,Wiatt,Dispencer,12/28/2024
197,Biddy,Joncic,4/8/2025
198,Cointon,Churchard,3/7/2025
199,Gustav,Morant,3/26/2025
200,Mickie,McKillop,2/18/2025
201,Ransell,Thorald,1/22/2025
202,Durand,Chawner,1/21/2025
203,Richie,O'Hickee,1/17/2025
204,Emylee,Cossins,3/3/2025
205,Hoebart,Frape,2/23/2025
206,Sebastian,Jamison,1/23/2025
207,Reina,Amies,1/3/2025
208,Helga,Ainscough,2/19/2025
209,Tommi,Gavan,4/8/2025
210,Boony,Breissan,11/27/2024
211,Harwell,Rabbe,4/8/2025
212,Gretal,Oggers,1/6/2025
213,Valerie,Naile,2/10/2025
214,Eadie,Petersen,12/1/2024
215,Tania,Aslett,1/9/2025
216,Clarisse,Po,12/22/2024
217,Jo,Kinnier,4/11/2025
218,Michale,Boggis,3/7/2025
219,Jedediah,Gruszka,1/19/2025
220,Tallie,Hawkwood,2/26/2025
221,Byrle,Savil,1/14/2025
222,Anatola,Boden,4/21/2025
223,Madelin,Lowman,4/20/2025
224,Bert,Blainey,11/24/2024
225,Alysa,Zealey,12/27/2024
226,Bernarr,Brassill,1/25/2025
227,Aurore,Skule,2/23/2025
228,Lori,Dennant,1/28/2025
229,Alfie,Axelbee,12/17/2024
230,Nikolos,Ezzle,12/5/2024
231,Jenda,De Beauchemp,12/3/2024
232,Dannel,Cutill,3/29/2025
233,Theo,Dooly,4/12/2025
234,Tybalt,Zohrer,11/24/2024
235,Filberto,Utterson,11/22/2024
236,Aime,Patient,2/6/2025
237,Francine,Borland,2/24/2025
238,Bernarr,Gabler,12/14/2024
239,Florie,Vanderson,3/31/2025
240,Laina,Barclay,12/1/2024
241,Rana,Ashpole,11/22/2024
242,Tulley,Mawdsley,2/6/2025
243,Paco,Wrathmell,4/20/2025
244,Quintilla,Prestage,12/2/2024
245,Sharity,Portingale,2/22/2025
246,Don,Oliveras,3/14/2025
247,Bernardo,L' Estrange,1/29/2025
248,Tymothy,Gianiello,3/22/2025
249,Arabel,Harlow,2/18/2025
250,Lacee,Seakes,1/11/2025
251,Alix,Pighills,1/27/2025
252,Delores,Duffy,12/4/2024
253,Berkley,Sidon,2/1/2025
254,Rockie,Koche,3/15/2025
255,Hedvig,Craighall,4/7/2025
256,Megan,Kew,2/10/2025
257,Marieann,Tilbury,2/2/2025
258,Sidney,Ayscough,1/9/2025
259,Valentina,Joao,1/20/2025
260,Howard,Bontine,12/17/2024
261,Deloris,McVity,3/3/2025
262,Pavla,Bohin,12/5/2024
263,Delcine,Fisbey,12/14/2024
264,Lorie,Cella,4/17/2025
265,Monika,McMearty,1/29/2025
266,Orson,Gaylord,12/27/2024
267,Quentin,Hebard,2/15/2025
268,Gil,Soda,3/16/2025
269,Lotti,Cypler,2/8/2025
270,Jane,Peinton,3/12/2025
271,Thornie,Becraft,3/5/2025
272,Yelena,Nutley,12/14/2024
273,Ninetta,Layfield,3/1/2025
274,Lurlene,Kidner,11/25/2024
275,Trisha,Labram,12/5/2024
276,Romola,Geeritz,2/1/2025
277,Rosetta,Warsap,3/3/2025
278,Ham,Izakovitz,3/10/2025
279,Cyndia,Laise,3/23/2025
280,Donelle,Neumann,11/25/2024
281,Griselda,Strooband,2/9/2025
282,Alfy,Jovanovic,2/24/2025
283,Marina,MacDonough,1/12/2025
284,Anita,Boddis,4/12/2025
285,Desdemona,Stadden,1/22/2025
286,Jazmin,Woolger,1/7/2025
287,Ursuline,Budgett,2/17/2025
288,Jere,Braidman,2/9/2025
289,Cacilie,Coalburn,3/17/2025
290,Adey,Carslaw,1/21/2025
291,Kayla,Meakin,11/27/2024
292,Belia,Trevino,4/10/2025
293,Jermaine,Sprosson,1/8/2025
294,Kellen,Spencley,1/19/2025
295,Tybie,Vedekhin,1/29/2025
296,Emlynne,Raynor,3/9/2025
297,Jeanne,Jezzard,2/19/2025
298,Sonnie,Deam,4/19/2025
299,Delcine,Handforth,3/16/2025
300,Agneta,Ville,2/23/2025
301,Sidnee,Johanchon,1/10/2025
302,Townie,Reihm,1/24/2025
303,Cris,Cutsforth,2/2/2025
304,Bertha,Keyte,2/6/2025
305,Gaye,Corrin,3/8/2025
306,Kit,Marney,1/17/2025
307,Gasparo,Lovel,3/15/2025
308,Marlene,Tulip,3/29/2025
309,Gordan,Wilcocke,2/17/2025
310,Even,Canon,1/16/2025
311,Margie,Westnedge,1/21/2025
312,Zedekiah,Godspede,1/3/2025
313,Ozzy,Martino,1/16/2025
314,Bird,Beston,2/27/2025
315,Renado,Bulfoot,11/29/2024
316,Essie,Paget,3/23/2025
317,Patric,Lonsbrough,3/15/2025
318,Idalia,Winkworth,1/24/2025
319,Wang,Tonsley,11/30/2024
320,Jerrilee,Felstead,1/11/2025
321,Odell,Dedrick,2/12/2025
322,Fletch,Pell,2/1/2025
323,Loree,Casarino,3/6/2025
324,Jennie,Cuming,4/16/2025
325,Edythe,Ambrosoli,2/1/2025
326,Beret,Eschelle,2/20/2025
327,Cordie,Clinning,12/21/2024
328,Wallis,Oulet,12/6/2024
329,Theresita,Searston,3/26/2025
330,Stanly,Kamiyama,3/29/2025
331,Hermon,Muckersie,12/20/2024
332,Glenda,Dobrovolski,12/26/2024
333,Chickie,Evans,12/27/2024
334,Aveline,Alliott,11/27/2024
335,Elka,Latour,4/6/2025
336,Lebbie,Long,4/7/2025
337,Babs,Giovannilli,1/23/2025
338,Demetri,Djurkovic,1/5/2025
339,Frants,Fleischer,2/24/2025
340,Buddy,Gueny,2/21/2025
341,Adriaens,Mongain,3/16/2025
342,Pete,Lanceter,12/14/2024
343,Cris,Hurles,1/9/2025
344,Babette,Hassey,12/2/2024
345,Andy,Kenshole,3/20/2025
346,Danit,Filewood,2/25/2025
347,Claude,Schule,3/30/2025
348,Coretta,Sarl,3/14/2025
349,Happy,Avery,1/11/2025
350,Nico,Hayler,4/7/2025
351,Saleem,Wiltshaw,3/19/2025
352,Reggie,Spiller,4/5/2025
353,Anna-diana,Sturm,12/16/2024
354,Brian,Cotilard,2/12/2025
355,Barton,Stowte,2/3/2025
356,Padriac,Poundford,12/8/2024
357,Donna,Curson,2/19/2025
358,Hieronymus,Beeching,1/1/2025
359,Friedrick,Andersen,4/7/2025
360,Christy,Hundell,4/3/2025
361,Clare,Skamal,12/6/2024
362,Tamera,Elgram,3/14/2025
363,Francesco,Ruslinge,11/27/2024
364,Marietta,Rosenwasser,12/28/2024
365,Electra,Duckhouse,12/11/2024
366,Aloysia,Desantis,12/23/2024
367,Adrienne,Vose,12/7/2024
368,Siobhan,Pickthorn,4/19/2025
369,Amberly,Churchlow,2/7/2025
370,Glynn,Fosher,1/25/2025
371,Galven,Loos,3/26/2025
372,Heidie,Prydden,1/10/2025
373,Jillene,Jeanet,1/29/2025
374,Mellie,Ashfield,2/10/2025
375,Marvin,Stannas,3/17/2025
376,Cob,Emmanuel,1/3/2025
377,Forrester,Cowland,1/2/2025
378,Morse,Yon,3/17/2025
379,Lorain,Yeardley,4/8/2025
380,Ammamaria,Kirmond,3/31/2025
381,Madonna,Khadir,2/19/2025
382,Dew,Pfeffle,1/7/2025
383,Dulcie,Ventam,4/3/2025
384,Kendal,Sambeck,3/26/2025
385,Tanney,Bunstone,3/1/2025
386,Berry,Scardafield,2/28/2025
387,Jorie,Trewett,3/7/2025
388,Christye,Forde,4/9/2025
389,Elsie,Dallender,3/4/2025
390,Herculie,Ferebee,3/21/2025
391,Ezmeralda,Wallach,1/12/2025
392,Hildegarde,Vickar,12/8/2024
393,Leonora,Blowes,3/4/2025
394,Tawsha,Benbrick,2/2/2025
395,Elysia,Rivel,1/21/2025
396,Deanna,Fuidge,4/9/2025
397,Yorke,Steen,4/9/2025
398,Pandora,Tilsley,3/30/2025
399,Cherri,Brinded,2/19/2025
400,Mabelle,Bruffell,3/16/2025
